user_id,listening_date,track_id,track_name,valence,energy,tempo,track_duration_ms,listening_duration_ms,emotional_intensity
user_001,2026-04-24,track_077,VibeSync Track 077,0.524,0.276,129.6,270559,171878,1.3635654666666666
user_001,2026-04-24,track_109,VibeSync Track 109,0.304,0.474,116.6,266208,241740,2.804184
user_001,2026-04-24,track_103,VibeSync Track 103,0.033,0.846,128.7,261122,209756,3.380567533333333
user_001,2026-04-24,track_099,VibeSync Track 099,0.457,0.472,153.3,154703,63616,0.5757247999999999
user_001,2026-04-24,track_115,VibeSync Track 115,0.596,0.203,91.2,260591,256461,1.7268374000000002
user_001,2026-04-24,track_114,VibeSync Track 114,0.743,0.669,113.3,211397,178575,0.7648962499999999
user_001,2026-04-25,track_050,VibeSync Track 050,0.885,0.286,134.1,190091,82361,0.1578585833333333
user_001,2026-04-25,track_092,VibeSync Track 092,0.822,0.548,95.1,180603,116082,0.3443766000000001
user_001,2026-04-25,track_048,VibeSync Track 048,0.174,0.855,118.1,193262,114221,1.5724424333333336
user_001,2026-04-25,track_034,VibeSync Track 034,0.7,0.683,138.9,257524,245265,1.226325
user_001,2026-04-25,track_075,VibeSync Track 075,0.857,0.593,122.9,216319,166243,0.39621248333333337
user_001,2026-04-25,track_091,VibeSync Track 091,0.744,0.234,131.0,157128,139026,0.5931776
user_001,2026-04-25,track_081,VibeSync Track 081,0.596,0.533,104.6,268674,171472,1.1545781333333334
user_001,2026-04-25,track_077,VibeSync Track 077,0.524,0.276,129.6,270559,134658,1.0682867999999999
user_001,2026-04-25,track_069,VibeSync Track 069,0.822,0.484,109.3,193408,137412,0.4076556000000001
user_001,2026-04-25,track_063,VibeSync Track 063,0.187,0.328,132.9,262336,102699,1.3915714499999998
user_001,2026-04-25,track_089,VibeSync Track 089,0.573,0.661,97.4,159114,141286,1.0054853666666668
user_001,2026-04-25,track_023,VibeSync Track 023,0.341,0.427,128.7,262391,199569,2.19193285
user_001,2026-04-26,track_005,VibeSync Track 005,0.739,0.871,121.1,275941,160167,0.69672645
user_001,2026-04-26,track_087,VibeSync Track 087,0.447,0.717,120.4,222068,217838,2.007740233333333
user_001,2026-04-26,track_057,VibeSync Track 057,0.614,0.862,78.3,240755,224029,1.4412532333333334
user_001,2026-04-26,track_096,VibeSync Track 096,0.865,0.789,120.6,264846,226694,0.5100615000000001
user_001,2026-04-26,track_026,VibeSync Track 026,0.18,0.567,123.5,171022,81494,1.1137513333333335
user_001,2026-04-26,track_098,VibeSync Track 098,0.404,0.398,84.9,163342,106722,1.0601052
user_001,2026-04-26,track_073,VibeSync Track 073,0.461,0.594,143.1,258187,97716,0.8778153999999999
user_001,2026-04-27,track_059,VibeSync Track 059,0.163,0.517,93.5,197700,156970,2.1897314999999997
user_001,2026-04-27,track_056,VibeSync Track 056,0.185,0.215,106.0,199779,166634,2.2634451666666666
user_001,2026-04-27,track_035,VibeSync Track 035,0.136,0.286,153.5,238112,233083,3.3563952
user_001,2026-04-27,track_033,VibeSync Track 033,0.146,0.918,106.4,242631,136306,1.9400887333333334
user_001,2026-04-27,track_094,VibeSync Track 094,0.295,0.493,88.2,161720,95543,1.12263025
user_001,2026-04-27,track_072,VibeSync Track 072,0.212,0.612,117.9,246450,161476,2.1207181333333334
user_001,2026-04-27,track_062,VibeSync Track 062,0.062,0.943,109.9,241960,114484,1.7897665333333332
user_001,2026-04-27,track_007,VibeSync Track 007,0.277,0.143,115.4,282410,122692,1.4784385999999998
user_001,2026-04-27,track_061,VibeSync Track 061,0.04,0.299,111.4,256307,168959,2.703344
user_001,2026-04-27,track_085,VibeSync Track 085,0.188,0.714,141.4,170725,84934,1.1494401333333333
user_001,2026-04-28,track_097,VibeSync Track 097,0.238,0.683,176.7,254574,161437,2.0502499
user_001,2026-04-28,track_107,VibeSync Track 107,0.193,0.482,145.2,169826,151355,2.03572475
user_001,2026-04-28,track_007,VibeSync Track 007,0.277,0.143,115.4,282410,227388,2.7400254
user_001,2026-04-28,track_103,VibeSync Track 103,0.033,0.846,128.7,261122,144410,2.327407833333333
user_001,2026-04-28,track_036,VibeSync Track 036,0.21,0.529,161.1,150168,133795,1.7616341666666666
user_001,2026-04-28,track_044,VibeSync Track 044,0.262,0.301,116.6,242258,211514,2.6016222
user_001,2026-04-28,track_094,VibeSync Track 094,0.295,0.493,88.2,161720,97332,1.1436510000000002
user_001,2026-04-28,track_112,VibeSync Track 112,0.252,0.558,152.7,224676,120743,1.5052627333333333
user_001,2026-04-28,track_117,VibeSync Track 117,0.287,0.54,79.8,162522,128981,1.5327242166666668
user_001,2026-04-28,track_085,VibeSync Track 085,0.188,0.714,141.4,170725,75262,1.0185457333333334
user_001,2026-04-28,track_062,VibeSync Track 062,0.062,0.943,109.9,241960,116126,1.8154364666666665
user_001,2026-04-29,track_061,VibeSync Track 061,0.04,0.299,111.4,256307,220808,3.532928
user_001,2026-04-29,track_043,VibeSync Track 043,0.092,0.859,137.8,162851,127374,1.9275932
user_001,2026-04-29,track_059,VibeSync Track 059,0.163,0.517,93.5,197700,159812,2.2293774
user_001,2026-04-29,track_007,VibeSync Track 007,0.277,0.143,115.4,282410,242159,2.91801595
user_001,2026-04-29,track_032,VibeSync Track 032,0.297,0.822,110.7,189835,123069,1.44195845
user_001,2026-04-29,track_033,VibeSync Track 033,0.146,0.918,106.4,242631,174617,2.485381966666667
user_001,2026-04-29,track_094,VibeSync Track 094,0.295,0.493,88.2,161720,71297,0.8377397500000001
user_001,2026-04-29,track_072,VibeSync Track 072,0.212,0.612,117.9,246450,104604,1.3737992
user_001,2026-04-29,track_044,VibeSync Track 044,0.262,0.301,116.6,242258,190042,2.3375166
user_001,2026-04-29,track_056,VibeSync Track 056,0.185,0.215,106.0,199779,131097,1.78073425
user_001,2026-04-29,track_095,VibeSync Track 095,0.125,0.641,113.1,208902,149867,2.1855604166666667
user_001,2026-04-29,track_097,VibeSync Track 097,0.238,0.683,176.7,254574,215687,2.7392249
user_001,2026-04-29,track_103,VibeSync Track 103,0.033,0.846,128.7,261122,199122,3.2091829
user_001,2026-04-30,track_009,VibeSync Track 009,0.806,0.432,85.2,159401,113730,0.3677269999999999
user_001,2026-04-30,track_048,VibeSync Track 048,0.174,0.855,118.1,193262,105824,1.4568437333333335
user_001,2026-04-30,track_010,VibeSync Track 010,0.318,0.505,111.9,276690,102384,1.1637647999999998
user_001,2026-04-30,track_011,VibeSync Track 011,0.509,0.192,100.2,168629,106888,0.8747001333333334
user_001,2026-04-30,track_119,VibeSync Track 119,0.318,0.758,123.4,203255,99489,1.1308582999999999
user_001,2026-04-30,track_089,VibeSync Track 089,0.573,0.661,97.4,159114,97941,0.69701345
user_001,2026-04-30,track_045,VibeSync Track 045,0.321,0.684,100.5,248258,224601,2.54173465
user_001,2026-04-30,track_034,VibeSync Track 034,0.7,0.683,138.9,257524,129292,0.64646
user_001,2026-04-30,track_082,VibeSync Track 082,0.482,0.333,137.3,273623,106137,0.9163161000000001
user_001,2026-04-30,track_098,VibeSync Track 098,0.404,0.398,84.9,163342,87044,0.8646370666666667
user_001,2026-04-30,track_022,VibeSync Track 022,0.666,0.407,84.0,245968,133028,0.7405225333333333
user_001,2026-05-01,track_049,VibeSync Track 049,0.412,0.326,126.2,192974,137411,1.3466278
user_001,2026-05-01,track_040,VibeSync Track 040,0.655,0.535,136.4,154289,132616,0.7625419999999999
user_001,2026-05-01,track_012,VibeSync Track 012,0.805,0.526,140.2,229460,179392,0.5830239999999998
user_001,2026-05-01,track_092,VibeSync Track 092,0.822,0.548,95.1,180603,110917,0.32905376666666675
user_001,2026-05-01,track_041,VibeSync Track 041,0.657,0.887,120.9,219722,193160,1.1042313333333331
user_001,2026-05-01,track_115,VibeSync Track 115,0.596,0.203,91.2,260591,119489,0.8045592666666667
user_001,2026-05-01,track_075,VibeSync Track 075,0.857,0.593,122.9,216319,78905,0.18805691666666668
user_001,2026-05-01,track_084,VibeSync Track 084,0.768,0.536,95.1,193995,79252,0.30644106666666665
user_001,2026-05-01,track_083,VibeSync Track 083,0.56,0.751,134.3,162972,133561,0.9794473333333332
user_001,2026-05-02,track_003,VibeSync Track 003,0.493,0.292,127.8,233655,106272,0.8979984000000001
user_001,2026-05-02,track_020,VibeSync Track 020,0.652,0.69,144.5,211099,142635,0.827283
user_001,2026-05-02,track_014,VibeSync Track 014,0.671,0.808,111.2,183674,82470,0.45221049999999996
user_001,2026-05-02,track_071,VibeSync Track 071,0.407,0.276,118.9,251090,201526,1.9917486333333332
user_001,2026-05-02,track_037,VibeSync Track 037,0.792,0.513,149.6,283925,181712,0.6299349333333332
user_001,2026-05-02,track_026,VibeSync Track 026,0.18,0.567,123.5,171022,102213,1.396911
user_001,2026-05-02,track_002,VibeSync Track 002,0.611,0.7,118.0,204146,111460,0.7226323333333333
user_001,2026-05-02,track_038,VibeSync Track 038,0.438,0.701,115.4,153208,116389,1.0901769666666667
user_001,2026-05-02,track_043,VibeSync Track 043,0.092,0.859,137.8,162851,95296,1.4421461333333334
user_001,2026-05-02,track_050,VibeSync Track 050,0.885,0.286,134.1,190091,77361,0.14827525
user_001,2026-05-02,track_078,VibeSync Track 078,0.389,0.547,105.3,186100,79409,0.8086483166666667
user_001,2026-05-02,track_030,VibeSync Track 030,0.377,0.399,84.3,182893,178363,1.8520024833333333
user_001,2026-05-03,track_072,VibeSync Track 072,0.212,0.612,117.9,246450,198345,2.604931
user_001,2026-05-03,track_049,VibeSync Track 049,0.412,0.326,126.2,192974,100889,0.9887122000000002
user_001,2026-05-03,track_109,VibeSync Track 109,0.304,0.474,116.6,266208,260874,3.0261384
user_001,2026-05-03,track_014,VibeSync Track 014,0.671,0.808,111.2,183674,157259,0.8623035166666665
user_001,2026-05-03,track_026,VibeSync Track 026,0.18,0.567,123.5,171022,139550,1.9071833333333335
user_001,2026-05-03,track_060,VibeSync Track 060,0.877,0.392,119.3,193705,124375,0.25496874999999997
user_001,2026-05-03,track_035,VibeSync Track 035,0.136,0.286,153.5,238112,125474,1.8068256
user_001,2026-05-03,track_043,VibeSync Track 043,0.092,0.859,137.8,162851,67201,1.0169751333333334
user_001,2026-05-03,track_011,VibeSync Track 011,0.509,0.192,100.2,168629,157953,1.29258205
user_002,2026-04-24,track_072,VibeSync Track 072,0.212,0.612,117.9,246450,118674,1.5585852
user_002,2026-04-24,track_000,VibeSync Track 000,0.404,0.705,106.4,153564,84286,0.8372409333333334
user_002,2026-04-24,track_081,VibeSync Track 081,0.596,0.533,104.6,268674,195189,1.3142726000000002
user_002,2026-04-24,track_097,VibeSync Track 097,0.238,0.683,176.7,254574,118352,1.5030704
user_002,2026-04-24,track_093,VibeSync Track 093,0.41,0.183,128.5,150070,136083,1.3381495000000003
user_002,2026-04-24,track_049,VibeSync Track 049,0.412,0.326,126.2,192974,162684,1.5943032000000001
user_002,2026-04-24,track_061,VibeSync Track 061,0.04,0.299,111.4,256307,209569,3.353104
user_002,2026-04-25,track_095,VibeSync Track 095,0.125,0.641,113.1,208902,158295,2.3084687500000003
user_002,2026-04-25,track_070,VibeSync Track 070,0.336,0.151,65.7,181755,132620,1.467661333333333
user_002,2026-04-25,track_087,VibeSync Track 087,0.447,0.717,120.4,222068,171525,1.58088875
user_002,2026-04-25,track_117,VibeSync Track 117,0.287,0.54,79.8,162522,65803,0.7819589833333334
user_002,2026-04-25,track_027,VibeSync Track 027,0.663,0.853,135.7,207171,128502,0.7217529
user_002,2026-04-25,track_091,VibeSync Track 091,0.744,0.234,131.0,157128,59244,0.2527744
user_002,2026-04-25,track_068,VibeSync Track 068,0.341,0.297,67.4,203280,136419,1.49833535
user_002,2026-04-25,track_035,VibeSync Track 035,0.136,0.286,153.5,238112,134392,1.9352447999999998
user_002,2026-04-25,track_008,VibeSync Track 008,0.616,0.793,117.1,235409,104507,0.6688448
user_002,2026-04-25,track_103,VibeSync Track 103,0.033,0.846,128.7,261122,108943,1.7557980166666667
user_002,2026-04-25,track_107,VibeSync Track 107,0.193,0.482,145.2,169826,124307,1.6719291499999998
user_002,2026-04-26,track_066,VibeSync Track 066,0.434,0.912,127.8,276425,262970,2.4806836666666667
user_002,2026-04-26,track_081,VibeSync Track 081,0.596,0.533,104.6,268674,195511,1.3164407333333334
user_002,2026-04-26,track_082,VibeSync Track 082,0.482,0.333,137.3,273623,157460,1.3594046666666668
user_002,2026-04-26,track_002,VibeSync Track 002,0.611,0.7,118.0,204146,149862,0.9716053
user_002,2026-04-26,track_070,VibeSync Track 070,0.336,0.151,65.7,181755,66308,0.7338085333333332
user_002,2026-04-26,track_098,VibeSync Track 098,0.404,0.398,84.9,163342,158942,1.5788238666666665
user_002,2026-04-26,track_022,VibeSync Track 022,0.666,0.407,84.0,245968,163199,0.9084744333333332
user_002,2026-04-26,track_050,VibeSync Track 050,0.885,0.286,134.1,190091,163245,0.31288625
user_002,2026-04-26,track_101,VibeSync Track 101,0.442,0.493,127.9,238054,96120,0.8939160000000002
user_002,2026-04-26,track_005,VibeSync Track 005,0.739,0.871,121.1,275941,183867,0.79982145
user_002,2026-04-26,track_056,VibeSync Track 056,0.185,0.215,106.0,199779,133644,1.8153309999999998
user_002,2026-04-26,track_003,VibeSync Track 003,0.493,0.292,127.8,233655,224212,1.8945914000000001
user_002,2026-04-26,track_103,VibeSync Track 103,0.033,0.846,128.7,261122,188431,3.0368796166666665
user_002,2026-04-27,track_074,VibeSync Track 074,0.737,0.125,146.5,172597,90360,0.39607800000000004
user_002,2026-04-27,track_102,VibeSync Track 102,0.833,0.578,120.8,250808,141836,0.3947768666666667
user_002,2026-04-27,track_006,VibeSync Track 006,0.496,0.073,93.9,189101,130184,1.0935456
user_002,2026-04-27,track_092,VibeSync Track 092,0.822,0.548,95.1,180603,114735,0.3403805000000001
user_002,2026-04-27,track_071,VibeSync Track 071,0.407,0.276,118.9,251090,91408,0.9034157333333334
user_002,2026-04-27,track_057,VibeSync Track 057,0.614,0.862,78.3,240755,213571,1.3739734333333333
user_002,2026-04-27,track_008,VibeSync Track 008,0.616,0.793,117.1,235409,219519,1.4049216
user_002,2026-04-27,track_083,VibeSync Track 083,0.56,0.751,134.3,162972,71897,0.5272446666666666
user_002,2026-04-27,track_112,VibeSync Track 112,0.252,0.558,152.7,224676,159547,1.9890192666666668
user_002,2026-04-27,track_101,VibeSync Track 101,0.442,0.493,127.9,238054,100119,0.9311067000000001
user_002,2026-04-28,track_101,VibeSync Track 101,0.442,0.493,127.9,238054,126835,1.1795655000000003
user_002,2026-04-28,track_010,VibeSync Track 010,0.318,0.505,111.9,276690,215437,2.4488005666666663
user_002,2026-04-28,track_044,VibeSync Track 044,0.262,0.301,116.6,242258,199268,2.4509964
user_002,2026-04-28,track_073,VibeSync Track 073,0.461,0.594,143.1,258187,219361,1.9705929833333329
user_002,2026-04-28,track_108,VibeSync Track 108,0.364,0.713,102.5,158796,66699,0.7070094
user_002,2026-04-28,track_067,VibeSync Track 067,0.492,0.853,132.8,206249,194989,1.6509068666666669
user_002,2026-04-28,track_002,VibeSync Track 002,0.611,0.7,118.0,204146,101999,0.6612935166666667
user_002,2026-04-28,track_119,VibeSync Track 119,0.318,0.758,123.4,203255,76082,0.8647987333333332
user_002,2026-04-28,track_033,VibeSync Track 033,0.146,0.918,106.4,242631,172426,2.454196733333333
user_002,2026-04-28,track_072,VibeSync Track 072,0.212,0.612,117.9,246450,145676,1.9132114666666666
user_002,2026-04-28,track_030,VibeSync Track 030,0.377,0.399,84.3,182893,162658,1.6889322333333334
user_002,2026-04-29,track_070,VibeSync Track 070,0.336,0.151,65.7,181755,101081,1.1186297333333333
user_002,2026-04-29,track_056,VibeSync Track 056,0.185,0.215,106.0,199779,193662,2.6305755
user_002,2026-04-29,track_113,VibeSync Track 113,0.678,0.511,116.1,222757,120087,0.6444669
user_002,2026-04-29,track_091,VibeSync Track 091,0.744,0.234,131.0,157128,107599,0.45908906666666666
user_002,2026-04-29,track_076,VibeSync Track 076,0.603,0.33,106.0,179964,92929,0.6148802166666667
user_002,2026-04-29,track_101,VibeSync Track 101,0.442,0.493,127.9,238054,228157,2.1218601
user_002,2026-04-29,track_067,VibeSync Track 067,0.492,0.853,132.8,206249,94254,0.7980172
user_002,2026-04-29,track_007,VibeSync Track 007,0.277,0.143,115.4,282410,107087,1.29039835
user_002,2026-04-29,track_063,VibeSync Track 063,0.187,0.328,132.9,262336,166009,2.24942195
user_002,2026-04-29,track_017,VibeSync Track 017,0.366,0.47,132.8,269454,268118,2.833113533333333
user_002,2026-04-30,track_090,VibeSync Track 090,0.55,0.489,105.1,218854,183092,1.37319
user_002,2026-04-30,track_111,VibeSync Track 111,0.373,0.474,128.9,261121,242585,2.53501325
user_002,2026-04-30,track_070,VibeSync Track 070,0.336,0.151,65.7,181755,169166,1.8721037333333332
user_002,2026-04-30,track_108,VibeSync Track 108,0.364,0.713,102.5,158796,109133,1.1568098
user_002,2026-04-30,track_086,VibeSync Track 086,0.527,0.43,134.8,191561,106384,0.8386605333333332
user_002,2026-04-30,track_089,VibeSync Track 089,0.573,0.661,97.4,159114,135534,0.9645503000000002
user_002,2026-04-30,track_060,VibeSync Track 060,0.877,0.392,119.3,193705,151105,0.30976525
user_002,2026-05-01,track_109,VibeSync Track 109,0.304,0.474,116.6,266208,109518,1.2704087999999998
user_002,2026-05-01,track_108,VibeSync Track 108,0.364,0.713,102.5,158796,132660,1.406196
user_002,2026-05-01,track_000,VibeSync Track 000,0.404,0.705,106.4,153564,79945,0.7941203333333332
user_002,2026-05-01,track_089,VibeSync Track 089,0.573,0.661,97.4,159114,152578,1.0858467666666667
user_002,2026-05-01,track_074,VibeSync Track 074,0.737,0.125,146.5,172597,87442,0.38328743333333337
user_002,2026-05-01,track_045,VibeSync Track 045,0.321,0.684,100.5,248258,106699,1.2074770166666668
user_002,2026-05-01,track_050,VibeSync Track 050,0.885,0.286,134.1,190091,169223,0.3243440833333333
user_002,2026-05-01,track_061,VibeSync Track 061,0.04,0.299,111.4,256307,115244,1.843904
user_002,2026-05-01,track_107,VibeSync Track 107,0.193,0.482,145.2,169826,79227,1.0656031499999998
user_002,2026-05-02,track_016,VibeSync Track 016,0.276,0.189,123.4,214283,196811,2.3748527333333334
user_002,2026-05-02,track_026,VibeSync Track 026,0.18,0.567,123.5,171022,81694,1.1164846666666668
user_002,2026-05-02,track_047,VibeSync Track 047,0.783,0.381,133.2,281849,155499,0.5623880499999999
user_002,2026-05-02,track_082,VibeSync Track 082,0.482,0.333,137.3,273623,234033,2.0204849
user_002,2026-05-02,track_051,VibeSync Track 051,0.468,0.777,109.0,212263,208375,1.847591666666667
user_002,2026-05-02,track_100,VibeSync Track 100,0.298,0.181,121.6,195641,132151,1.5461666999999997
user_002,2026-05-02,track_043,VibeSync Track 043,0.092,0.859,137.8,162851,72229,1.0930655333333335
user_002,2026-05-02,track_006,VibeSync Track 006,0.496,0.073,93.9,189101,67898,0.5703431999999999
user_002,2026-05-02,track_080,VibeSync Track 080,0.329,0.917,141.7,226931,113301,1.26708285
user_002,2026-05-03,track_080,VibeSync Track 080,0.329,0.917,141.7,226931,179383,2.0060998833333334
user_002,2026-05-03,track_092,VibeSync Track 092,0.822,0.548,95.1,180603,77513,0.22995523333333337
user_002,2026-05-03,track_001,VibeSync Track 001,0.499,0.574,171.8,207078,140629,1.17425215
user_002,2026-05-03,track_007,VibeSync Track 007,0.277,0.143,115.4,282410,226286,2.7267463
user_002,2026-05-03,track_107,VibeSync Track 107,0.193,0.482,145.2,169826,123586,1.6622316999999998
user_002,2026-05-03,track_074,VibeSync Track 074,0.737,0.125,146.5,172597,82821,0.36303205
user_002,2026-05-03,track_111,VibeSync Track 111,0.373,0.474,128.9,261121,227875,2.3812937499999998
user_002,2026-05-03,track_064,VibeSync Track 064,0.352,0.262,126.2,272323,221947,2.3970276000000004
user_003,2026-04-24,track_084,VibeSync Track 084,0.768,0.536,95.1,193995,84424,0.3264394666666666
user_003,2026-04-24,track_006,VibeSync Track 006,0.496,0.073,93.9,189101,81396,0.6837264000000001
user_003,2026-04-24,track_031,VibeSync Track 031,0.795,0.501,125.9,217603,207357,0.7084697499999999
user_003,2026-04-24,track_028,VibeSync Track 028,0.444,0.819,127.0,218366,132859,1.2311600666666667
user_003,2026-04-24,track_092,VibeSync Track 092,0.822,0.548,95.1,180603,98540,0.29233533333333345
user_003,2026-04-24,track_087,VibeSync Track 087,0.447,0.717,120.4,222068,148248,1.3663523999999998
user_003,2026-04-25,track_092,VibeSync Track 092,0.822,0.548,95.1,180603,175393,0.5203325666666668
user_003,2026-04-25,track_040,VibeSync Track 040,0.655,0.535,136.4,154289,82728,0.475686
user_003,2026-04-25,track_090,VibeSync Track 090,0.55,0.489,105.1,218854,208157,1.5611774999999999
user_003,2026-04-25,track_083,VibeSync Track 083,0.56,0.751,134.3,162972,59673,0.437602
user_003,2026-04-25,track_059,VibeSync Track 059,0.163,0.517,93.5,197700,140540,1.9605329999999999
user_003,2026-04-25,track_060,VibeSync Track 060,0.877,0.392,119.3,193705,147619,0.30261895
user_003,2026-04-25,track_010,VibeSync Track 010,0.318,0.505,111.9,276690,115886,1.3172375333333333
user_003,2026-04-25,track_085,VibeSync Track 085,0.188,0.714,141.4,170725,75327,1.0194254
user_003,2026-04-25,track_041,VibeSync Track 041,0.657,0.887,120.9,219722,136760,0.7818113333333332
user_003,2026-04-25,track_109,VibeSync Track 109,0.304,0.474,116.6,266208,260364,3.0202224
user_003,2026-04-26,track_023,VibeSync Track 023,0.341,0.427,128.7,262391,250967,2.7564542166666666
user_003,2026-04-26,track_031,VibeSync Track 031,0.795,0.501,125.9,217603,189931,0.6489309166666665
user_003,2026-04-26,track_076,VibeSync Track 076,0.603,0.33,106.0,179964,117660,0.778517
user_003,2026-04-26,track_105,VibeSync Track 105,0.331,0.344,152.9,172680,148521,1.6560091500000003
user_003,2026-04-26,track_119,VibeSync Track 119,0.318,0.758,123.4,203255,73495,0.8353931666666666
user_003,2026-04-26,track_096,VibeSync Track 096,0.865,0.789,120.6,264846,111485,0.25084125
user_003,2026-04-26,track_020,VibeSync Track 020,0.652,0.69,144.5,211099,187694,1.0886251999999998
user_003,2026-04-27,track_034,VibeSync Track 034,0.7,0.683,138.9,257524,129075,0.6453750000000001
user_003,2026-04-27,track_024,VibeSync Track 024,0.616,0.23,129.1,227710,158258,1.0128512
user_003,2026-04-27,track_099,VibeSync Track 099,0.457,0.472,153.3,154703,115085,1.04151925
user_003,2026-04-27,track_021,VibeSync Track 021,0.303,0.472,108.1,165099,150905,1.7530130833333333
user_003,2026-04-27,track_100,VibeSync Track 100,0.298,0.181,121.6,195641,145169,1.6984773
user_003,2026-04-27,track_112,VibeSync Track 112,0.252,0.558,152.7,224676,138888,1.7314704
user_003,2026-04-27,track_079,VibeSync Track 079,0.611,0.498,118.0,169427,100507,0.6516203833333333
user_003,2026-04-27,track_095,VibeSync Track 095,0.125,0.641,113.1,208902,130944,1.9096
user_003,2026-04-28,track_041,VibeSync Track 041,0.657,0.887,120.9,219722,200797,1.1478895166666667
user_003,2026-04-28,track_084,VibeSync Track 084,0.768,0.536,95.1,193995,125133,0.4838476
user_003,2026-04-28,track_058,VibeSync Track 058,0.67,0.842,92.9,253017,129315,0.7112324999999999
user_003,2026-04-28,track_027,VibeSync Track 027,0.663,0.853,135.7,207171,104379,0.5862620499999999
user_003,2026-04-28,track_091,VibeSync Track 091,0.744,0.234,131.0,157128,131187,0.5597312
user_003,2026-04-28,track_010,VibeSync Track 010,0.318,0.505,111.9,276690,243700,2.770056666666666
user_003,2026-04-28,track_037,VibeSync Track 037,0.792,0.513,149.6,283925,118802,0.4118469333333333
user_003,2026-04-29,track_067,VibeSync Track 067,0.492,0.853,132.8,206249,151878,1.2859004
user_003,2026-04-29,track_039,VibeSync Track 039,0.569,0.817,126.5,284921,126793,0.9107963833333335
user_003,2026-04-29,track_030,VibeSync Track 030,0.377,0.399,84.3,182893,162049,1.6826087833333334
user_003,2026-04-29,track_076,VibeSync Track 076,0.603,0.33,106.0,179964,99289,0.6569622166666667
user_003,2026-04-29,track_047,VibeSync Track 047,0.783,0.381,133.2,281849,125004,0.4520978
user_003,2026-04-29,track_012,VibeSync Track 012,0.805,0.526,140.2,229460,217672,0.7074339999999999
user_003,2026-04-29,track_078,VibeSync Track 078,0.389,0.547,105.3,186100,85158,0.8671923
user_003,2026-04-29,track_009,VibeSync Track 009,0.806,0.432,85.2,159401,85290,0.27577099999999993
user_003,2026-04-29,track_070,VibeSync Track 070,0.336,0.151,65.7,181755,81762,0.9048327999999999
user_003,2026-04-29,track_119,VibeSync Track 119,0.318,0.758,123.4,203255,86397,0.9820458999999999
user_003,2026-04-29,track_040,VibeSync Track 040,0.655,0.535,136.4,154289,56122,0.3227015
user_003,2026-04-29,track_090,VibeSync Track 090,0.55,0.489,105.1,218854,84479,0.6335925
user_003,2026-04-29,track_007,VibeSync Track 007,0.277,0.143,115.4,282410,130901,1.57735705
user_003,2026-04-30,track_111,VibeSync Track 111,0.373,0.474,128.9,261121,191726,2.0035367
user_003,2026-04-30,track_086,VibeSync Track 086,0.527,0.43,134.8,191561,151805,1.1967294166666667
user_003,2026-04-30,track_012,VibeSync Track 012,0.805,0.526,140.2,229460,139020,0.4518149999999999
user_003,2026-04-30,track_073,VibeSync Track 073,0.461,0.594,143.1,258187,143731,1.291183483333333
user_003,2026-04-30,track_007,VibeSync Track 007,0.277,0.143,115.4,282410,191457,2.30705685
user_003,2026-04-30,track_021,VibeSync Track 021,0.303,0.472,108.1,165099,151685,1.7620740833333335
user_003,2026-04-30,track_064,VibeSync Track 064,0.352,0.262,126.2,272323,245971,2.6564867999999997
user_003,2026-04-30,track_108,VibeSync Track 108,0.364,0.713,102.5,158796,60065,0.636689
user_003,2026-04-30,track_060,VibeSync Track 060,0.877,0.392,119.3,193705,90648,0.18582839999999998
user_003,2026-04-30,track_004,VibeSync Track 004,0.654,0.754,156.8,268494,135289,0.7801665666666666
user_003,2026-04-30,track_087,VibeSync Track 087,0.447,0.717,120.4,222068,113721,1.04812855
user_003,2026-04-30,track_101,VibeSync Track 101,0.442,0.493,127.9,238054,171708,1.5968844000000002
user_003,2026-04-30,track_038,VibeSync Track 038,0.438,0.701,115.4,153208,95076,0.8905452
user_003,2026-05-01,track_112,VibeSync Track 112,0.252,0.558,152.7,224676,133198,1.6605350666666667
user_003,2026-05-01,track_030,VibeSync Track 030,0.377,0.399,84.3,182893,126276,1.3111658
user_003,2026-05-01,track_026,VibeSync Track 026,0.18,0.567,123.5,171022,71159,0.9725063333333335
user_003,2026-05-01,track_052,VibeSync Track 052,0.623,0.474,136.1,174007,155170,0.9749848333333334
user_003,2026-05-01,track_103,VibeSync Track 103,0.033,0.846,128.7,261122,100212,1.6150833999999998
user_003,2026-05-01,track_020,VibeSync Track 020,0.652,0.69,144.5,211099,200786,1.1645587999999998
user_003,2026-05-01,track_055,VibeSync Track 055,0.397,0.823,152.6,156941,65040,0.653652
user_003,2026-05-01,track_102,VibeSync Track 102,0.833,0.578,120.8,250808,225306,0.6271017000000002
user_003,2026-05-02,track_032,VibeSync Track 032,0.297,0.822,110.7,189835,187314,2.1946957000000005
user_003,2026-05-02,track_081,VibeSync Track 081,0.596,0.533,104.6,268674,234100,1.5762733333333334
user_003,2026-05-02,track_040,VibeSync Track 040,0.655,0.535,136.4,154289,132173,0.7599947499999999
user_003,2026-05-02,track_114,VibeSync Track 114,0.743,0.669,113.3,211397,162271,0.6950607833333333
user_003,2026-05-02,track_002,VibeSync Track 002,0.611,0.7,118.0,204146,174819,1.13340985
user_003,2026-05-02,track_056,VibeSync Track 056,0.185,0.215,106.0,199779,87395,1.1871154166666666
user_003,2026-05-02,track_096,VibeSync Track 096,0.865,0.789,120.6,264846,184980,0.41620500000000005
user_003,2026-05-02,track_058,VibeSync Track 058,0.67,0.842,92.9,253017,173125,0.9521874999999999
user_003,2026-05-02,track_013,VibeSync Track 013,0.427,0.665,118.8,256749,232979,2.2249494499999996
user_003,2026-05-02,track_025,VibeSync Track 025,0.592,0.367,81.3,173808,113117,0.7691956000000001
user_003,2026-05-02,track_108,VibeSync Track 108,0.364,0.713,102.5,158796,95326,1.0104556
user_003,2026-05-02,track_034,VibeSync Track 034,0.7,0.683,138.9,257524,197190,0.9859500000000002
user_003,2026-05-02,track_051,VibeSync Track 051,0.468,0.777,109.0,212263,111056,0.9846965333333334
user_003,2026-05-03,track_088,VibeSync Track 088,0.572,0.182,99.7,187877,124115,0.8853536666666667
user_003,2026-05-03,track_086,VibeSync Track 086,0.527,0.43,134.8,191561,118955,0.9377619166666666
user_003,2026-05-03,track_091,VibeSync Track 091,0.744,0.234,131.0,157128,78747,0.3359872
user_003,2026-05-03,track_040,VibeSync Track 040,0.655,0.535,136.4,154289,90858,0.5224335
user_003,2026-05-03,track_119,VibeSync Track 119,0.318,0.758,123.4,203255,119545,1.3588281666666666
user_003,2026-05-03,track_018,VibeSync Track 018,0.581,0.595,94.0,180186,101421,0.70825665
user_004,2026-04-24,track_075,VibeSync Track 075,0.857,0.593,122.9,216319,172132,0.41024793333333337
user_004,2026-04-24,track_057,VibeSync Track 057,0.614,0.862,78.3,240755,130722,0.8409782
user_004,2026-04-24,track_047,VibeSync Track 047,0.783,0.381,133.2,281849,272479,0.9854657166666666
user_004,2026-04-24,track_076,VibeSync Track 076,0.603,0.33,106.0,179964,170178,1.1260111000000002
user_004,2026-04-24,track_068,VibeSync Track 068,0.341,0.297,67.4,203280,134691,1.47935615
user_004,2026-04-24,track_055,VibeSync Track 055,0.397,0.823,152.6,156941,88426,0.8886813
user_004,2026-04-24,track_013,VibeSync Track 013,0.427,0.665,118.8,256749,179219,1.71154145
user_004,2026-04-24,track_100,VibeSync Track 100,0.298,0.181,121.6,195641,176382,2.0636694
user_004,2026-04-24,track_078,VibeSync Track 078,0.389,0.547,105.3,186100,144075,1.46716375
user_004,2026-04-25,track_013,VibeSync Track 013,0.427,0.665,118.8,256749,178766,1.7072152999999997
user_004,2026-04-25,track_085,VibeSync Track 085,0.188,0.714,141.4,170725,129989,1.7591844666666667
user_004,2026-04-25,track_037,VibeSync Track 037,0.792,0.513,149.6,283925,152553,0.5288503999999998
user_004,2026-04-25,track_040,VibeSync Track 040,0.655,0.535,136.4,154289,127702,0.7342864999999998
user_004,2026-04-25,track_088,VibeSync Track 088,0.572,0.182,99.7,187877,90474,0.6453812000000001
user_004,2026-04-25,track_117,VibeSync Track 117,0.287,0.54,79.8,162522,130280,1.5481606666666667
user_004,2026-04-25,track_005,VibeSync Track 005,0.739,0.871,121.1,275941,250959,1.0916716499999999
user_004,2026-04-26,track_025,VibeSync Track 025,0.592,0.367,81.3,173808,130242,0.8856456000000001
user_004,2026-04-26,track_064,VibeSync Track 064,0.352,0.262,126.2,272323,112145,1.2111660000000002
user_004,2026-04-26,track_042,VibeSync Track 042,0.422,0.84,121.1,164306,135012,1.3006156000000002
user_004,2026-04-26,track_116,VibeSync Track 116,0.831,0.5,112.5,155865,63112,0.1777654666666667
user_004,2026-04-26,track_007,VibeSync Track 007,0.277,0.143,115.4,282410,270650,3.2613325
user_004,2026-04-26,track_040,VibeSync Track 040,0.655,0.535,136.4,154289,67781,0.38974074999999997
user_004,2026-04-26,track_100,VibeSync Track 100,0.298,0.181,121.6,195641,190411,2.2278086999999998
user_004,2026-04-26,track_054,VibeSync Track 054,0.597,0.412,88.4,178347,155264,1.0428565333333335
user_004,2026-04-26,track_065,VibeSync Track 065,0.49,0.591,125.6,260866,191969,1.6317365
user_004,2026-04-26,track_045,VibeSync Track 045,0.321,0.684,100.5,248258,213180,2.412487
user_004,2026-04-26,track_069,VibeSync Track 069,0.822,0.484,109.3,193408,167650,0.49736166666666676
user_004,2026-04-26,track_023,VibeSync Track 023,0.341,0.427,128.7,262391,253185,2.7808152500000003
user_004,2026-04-26,track_091,VibeSync Track 091,0.744,0.234,131.0,157128,80873,0.34505813333333335
user_004,2026-04-26,track_085,VibeSync Track 085,0.188,0.714,141.4,170725,125235,1.6948470000000002
user_004,2026-04-27,track_044,VibeSync Track 044,0.262,0.301,116.6,242258,181816,2.2363368
user_004,2026-04-27,track_012,VibeSync Track 012,0.805,0.526,140.2,229460,105858,0.3440384999999999
user_004,2026-04-27,track_062,VibeSync Track 062,0.062,0.943,109.9,241960,173538,2.7129773999999998
user_004,2026-04-27,track_084,VibeSync Track 084,0.768,0.536,95.1,193995,140079,0.5416388
user_004,2026-04-27,track_000,VibeSync Track 000,0.404,0.705,106.4,153564,100260,0.995916
user_004,2026-04-27,track_033,VibeSync Track 033,0.146,0.918,106.4,242631,167345,2.3818771666666665
user_004,2026-04-28,track_077,VibeSync Track 077,0.524,0.276,129.6,270559,235253,1.8663404666666665
user_004,2026-04-28,track_020,VibeSync Track 020,0.652,0.69,144.5,211099,141415,0.820207
user_004,2026-04-28,track_088,VibeSync Track 088,0.572,0.182,99.7,187877,138979,0.9913835333333335
user_004,2026-04-28,track_069,VibeSync Track 069,0.822,0.484,109.3,193408,184763,0.5481302333333334
user_004,2026-04-28,track_090,VibeSync Track 090,0.55,0.489,105.1,218854,93631,0.7022324999999999
user_004,2026-04-28,track_045,VibeSync Track 045,0.321,0.684,100.5,248258,105787,1.1971562166666667
user_004,2026-04-28,track_038,VibeSync Track 038,0.438,0.701,115.4,153208,62357,0.5840772333333334
user_004,2026-04-28,track_101,VibeSync Track 101,0.442,0.493,127.9,238054,185113,1.7215509000000002
user_004,2026-04-28,track_083,VibeSync Track 083,0.56,0.751,134.3,162972,101384,0.7434826666666665
user_004,2026-04-28,track_046,VibeSync Track 046,0.776,0.218,108.1,165961,141616,0.5286997333333332
user_004,2026-04-28,track_052,VibeSync Track 052,0.623,0.474,136.1,174007,136821,0.85969195
user_004,2026-04-28,track_001,VibeSync Track 001,0.499,0.574,171.8,207078,117385,0.98016475
user_004,2026-04-29,track_022,VibeSync Track 022,0.666,0.407,84.0,245968,208001,1.1578722333333331
user_004,2026-04-29,track_045,VibeSync Track 045,0.321,0.684,100.5,248258,130545,1.47733425
user_004,2026-04-29,track_086,VibeSync Track 086,0.527,0.43,134.8,191561,112393,0.8860314833333334
user_004,2026-04-29,track_103,VibeSync Track 103,0.033,0.846,128.7,261122,144762,2.3330809
user_004,2026-04-29,track_015,VibeSync Track 015,0.385,0.937,115.5,186535,84397,0.86506925
user_004,2026-04-29,track_024,VibeSync Track 024,0.616,0.23,129.1,227710,101572,0.6500608
user_004,2026-04-29,track_064,VibeSync Track 064,0.352,0.262,126.2,272323,261016,2.8189728
user_004,2026-04-29,track_100,VibeSync Track 100,0.298,0.181,121.6,195641,124161,1.4526837
user_004,2026-04-29,track_075,VibeSync Track 075,0.857,0.593,122.9,216319,129609,0.30890145
user_004,2026-04-29,track_029,VibeSync Track 029,0.857,0.835,133.2,224544,185090,0.44113116666666674
user_004,2026-04-29,track_113,VibeSync Track 113,0.678,0.511,116.1,222757,158033,0.8481104333333332
user_004,2026-04-29,track_092,VibeSync Track 092,0.822,0.548,95.1,180603,173106,0.5135478000000001
user_004,2026-04-30,track_104,VibeSync Track 104,0.309,0.542,114.3,196197,129802,1.4948863666666667
user_004,2026-04-30,track_053,VibeSync Track 053,0.621,0.34,127.1,207344,123293,0.7788007833333332
user_004,2026-04-30,track_015,VibeSync Track 015,0.385,0.937,115.5,186535,184914,1.8953685
user_004,2026-04-30,track_089,VibeSync Track 089,0.573,0.661,97.4,159114,129923,0.9246186833333334
user_004,2026-04-30,track_098,VibeSync Track 098,0.404,0.398,84.9,163342,158160,1.571056
user_004,2026-04-30,track_059,VibeSync Track 059,0.163,0.517,93.5,197700,84420,1.177659
user_004,2026-04-30,track_056,VibeSync Track 056,0.185,0.215,106.0,199779,180369,2.45001225
user_004,2026-04-30,track_109,VibeSync Track 109,0.304,0.474,116.6,266208,203409,2.3595444
user_004,2026-04-30,track_110,VibeSync Track 110,0.491,0.543,92.3,186235,79941,0.67816615
user_004,2026-05-01,track_040,VibeSync Track 040,0.655,0.535,136.4,154289,122808,0.706146
user_004,2026-05-01,track_116,VibeSync Track 116,0.831,0.5,112.5,155865,55799,0.15716718333333338
user_004,2026-05-01,track_108,VibeSync Track 108,0.364,0.713,102.5,158796,102472,1.0862032
user_004,2026-05-01,track_095,VibeSync Track 095,0.125,0.641,113.1,208902,185193,2.70073125
user_004,2026-05-01,track_056,VibeSync Track 056,0.185,0.215,106.0,199779,108276,1.4707489999999999
user_004,2026-05-01,track_047,VibeSync Track 047,0.783,0.381,133.2,281849,182654,0.6605986333333332
user_004,2026-05-01,track_118,VibeSync Track 118,0.598,0.903,96.1,207157,132063,0.8848221000000001
user_004,2026-05-01,track_109,VibeSync Track 109,0.304,0.474,116.6,266208,145416,1.6868256
user_004,2026-05-01,track_044,VibeSync Track 044,0.262,0.301,116.6,242258,229415,2.8218045
user_004,2026-05-01,track_024,VibeSync Track 024,0.616,0.23,129.1,227710,195339,1.2501696
user_004,2026-05-02,track_056,VibeSync Track 056,0.185,0.215,106.0,199779,199393,2.708421583333333
user_004,2026-05-02,track_081,VibeSync Track 081,0.596,0.533,104.6,268674,247577,1.6670184666666668
user_004,2026-05-02,track_074,VibeSync Track 074,0.737,0.125,146.5,172597,92260,0.40440633333333337
user_004,2026-05-02,track_092,VibeSync Track 092,0.822,0.548,95.1,180603,161455,0.47898316666666685
user_004,2026-05-02,track_094,VibeSync Track 094,0.295,0.493,88.2,161720,67788,0.796509
user_004,2026-05-02,track_090,VibeSync Track 090,0.55,0.489,105.1,218854,218726,1.640445
user_004,2026-05-02,track_026,VibeSync Track 026,0.18,0.567,123.5,171022,133858,1.829392666666667
user_004,2026-05-02,track_086,VibeSync Track 086,0.527,0.43,134.8,191561,147996,1.1667018
user_004,2026-05-02,track_015,VibeSync Track 015,0.385,0.937,115.5,186535,76252,0.7815829999999999
user_004,2026-05-02,track_008,VibeSync Track 008,0.616,0.793,117.1,235409,219653,1.4057792
user_004,2026-05-03,track_036,VibeSync Track 036,0.21,0.529,161.1,150168,76065,1.0015225
user_004,2026-05-03,track_044,VibeSync Track 044,0.262,0.301,116.6,242258,107311,1.3199253
user_004,2026-05-03,track_065,VibeSync Track 065,0.49,0.591,125.6,260866,223014,1.895619
user_004,2026-05-03,track_028,VibeSync Track 028,0.444,0.819,127.0,218366,104560,0.9689226666666667
user_004,2026-05-03,track_033,VibeSync Track 033,0.146,0.918,106.4,242631,228537,3.2528433
user_004,2026-05-03,track_016,VibeSync Track 016,0.276,0.189,123.4,214283,166406,2.007965733333333
user_004,2026-05-03,track_060,VibeSync Track 060,0.877,0.392,119.3,193705,72349,0.14831545000000002
user_004,2026-05-03,track_013,VibeSync Track 013,0.427,0.665,118.8,256749,90768,0.8668343999999999
user_004,2026-05-03,track_049,VibeSync Track 049,0.412,0.326,126.2,192974,74020,0.7253960000000002
user_004,2026-05-03,track_098,VibeSync Track 098,0.404,0.398,84.9,163342,121502,1.2069198666666667
user_004,2026-05-03,track_118,VibeSync Track 118,0.598,0.903,96.1,207157,180426,1.2088542
user_004,2026-05-03,track_064,VibeSync Track 064,0.352,0.262,126.2,272323,137539,1.4854212000000002
user_004,2026-05-03,track_018,VibeSync Track 018,0.581,0.595,94.0,180186,162548,1.1351268666666667
user_005,2026-04-24,track_083,VibeSync Track 083,0.56,0.751,134.3,162972,141887,1.0405046666666666
user_005,2026-04-24,track_060,VibeSync Track 060,0.877,0.392,119.3,193705,184613,0.37845665
user_005,2026-04-24,track_076,VibeSync Track 076,0.603,0.33,106.0,179964,153306,1.0143747
user_005,2026-04-24,track_011,VibeSync Track 011,0.509,0.192,100.2,168629,135540,1.1091689999999998
user_005,2026-04-24,track_035,VibeSync Track 035,0.136,0.286,153.5,238112,213035,3.067704
user_005,2026-04-24,track_097,VibeSync Track 097,0.238,0.683,176.7,254574,95744,1.2159487999999998
user_005,2026-04-24,track_042,VibeSync Track 042,0.422,0.84,121.1,164306,79057,0.7615824333333334
user_005,2026-04-24,track_017,VibeSync Track 017,0.366,0.47,132.8,269454,116188,1.2277198666666667
user_005,2026-04-25,track_053,VibeSync Track 053,0.621,0.34,127.1,207344,173002,1.0927959666666667
user_005,2026-04-25,track_090,VibeSync Track 090,0.55,0.489,105.1,218854,166221,1.2466575
user_005,2026-04-25,track_013,VibeSync Track 013,0.427,0.665,118.8,256749,231904,2.2146832
user_005,2026-04-25,track_079,VibeSync Track 079,0.611,0.498,118.0,169427,76392,0.49527480000000007
user_005,2026-04-25,track_006,VibeSync Track 006,0.496,0.073,93.9,189101,156481,1.3144404
user_005,2026-04-25,track_086,VibeSync Track 086,0.527,0.43,134.8,191561,91082,0.7180297666666666
user_005,2026-04-25,track_044,VibeSync Track 044,0.262,0.301,116.6,242258,127426,1.5673397999999998
user_005,2026-04-25,track_062,VibeSync Track 062,0.062,0.943,109.9,241960,196335,3.0693705
user_005,2026-04-25,track_052,VibeSync Track 052,0.623,0.474,136.1,174007,171768,1.0792756000000001
user_005,2026-04-25,track_033,VibeSync Track 033,0.146,0.918,106.4,242631,181367,2.5814569666666665
user_005,2026-04-25,track_117,VibeSync Track 117,0.287,0.54,79.8,162522,62640,0.7443720000000001
user_005,2026-04-25,track_111,VibeSync Track 111,0.373,0.474,128.9,261121,195997,2.04816865
user_005,2026-04-26,track_111,VibeSync Track 111,0.373,0.474,128.9,261121,241457,2.5232256499999997
user_005,2026-04-26,track_088,VibeSync Track 088,0.572,0.182,99.7,187877,152410,1.0871913333333334
user_005,2026-04-26,track_075,VibeSync Track 075,0.857,0.593,122.9,216319,100054,0.23846203333333335
user_005,2026-04-26,track_060,VibeSync Track 060,0.877,0.392,119.3,193705,79345,0.16265724999999998
user_005,2026-04-26,track_048,VibeSync Track 048,0.174,0.855,118.1,193262,90697,1.2485953666666667
user_005,2026-04-26,track_087,VibeSync Track 087,0.447,0.717,120.4,222068,219185,2.020155083333333
user_005,2026-04-27,track_111,VibeSync Track 111,0.373,0.474,128.9,261121,224473,2.34574285
user_005,2026-04-27,track_025,VibeSync Track 025,0.592,0.367,81.3,173808,132731,0.9025708000000001
user_005,2026-04-27,track_103,VibeSync Track 103,0.033,0.846,128.7,261122,188547,3.03874915
user_005,2026-04-27,track_106,VibeSync Track 106,0.605,0.644,107.0,153556,68230,0.44918083333333336
user_005,2026-04-27,track_104,VibeSync Track 104,0.309,0.542,114.3,196197,189313,2.1802547166666666
user_005,2026-04-27,track_012,VibeSync Track 012,0.805,0.526,140.2,229460,125255,0.4070787499999999
user_005,2026-04-27,track_113,VibeSync Track 113,0.678,0.511,116.1,222757,161657,0.8675592333333332
user_005,2026-04-27,track_107,VibeSync Track 107,0.193,0.482,145.2,169826,136685,1.8384132499999999
user_005,2026-04-27,track_042,VibeSync Track 042,0.422,0.84,121.1,164306,126844,1.2219305333333335
user_005,2026-04-27,track_052,VibeSync Track 052,0.623,0.474,136.1,174007,167287,1.0511199833333333
user_005,2026-04-27,track_022,VibeSync Track 022,0.666,0.407,84.0,245968,109821,0.6113369
user_005,2026-04-28,track_067,VibeSync Track 067,0.492,0.853,132.8,206249,126352,1.0697802666666667
user_005,2026-04-28,track_084,VibeSync Track 084,0.768,0.536,95.1,193995,127689,0.4937308
user_005,2026-04-28,track_085,VibeSync Track 085,0.188,0.714,141.4,170725,72983,0.9877032666666667
user_005,2026-04-28,track_110,VibeSync Track 110,0.491,0.543,92.3,186235,81414,0.6906621000000001
user_005,2026-04-28,track_086,VibeSync Track 086,0.527,0.43,134.8,191561,101670,0.8014984999999999
user_005,2026-04-28,track_039,VibeSync Track 039,0.569,0.817,126.5,284921,156153,1.1216990500000001
user_005,2026-04-28,track_058,VibeSync Track 058,0.67,0.842,92.9,253017,158929,0.8741095
user_005,2026-04-28,track_027,VibeSync Track 027,0.663,0.853,135.7,207171,154786,0.8693813666666665
user_005,2026-04-28,track_103,VibeSync Track 103,0.033,0.846,128.7,261122,199107,3.20894115
user_005,2026-04-28,track_048,VibeSync Track 048,0.174,0.855,118.1,193262,119373,1.6433683000000001
user_005,2026-04-29,track_064,VibeSync Track 064,0.352,0.262,126.2,272323,133835,1.4454179999999999
user_005,2026-04-29,track_109,VibeSync Track 109,0.304,0.474,116.6,266208,194970,2.2616519999999998
user_005,2026-04-29,track_067,VibeSync Track 067,0.492,0.853,132.8,206249,114690,0.971042
user_005,2026-04-29,track_097,VibeSync Track 097,0.238,0.683,176.7,254574,95067,1.2073509
user_005,2026-04-29,track_079,VibeSync Track 079,0.611,0.498,118.0,169427,105376,0.6831877333333334
user_005,2026-04-29,track_101,VibeSync Track 101,0.442,0.493,127.9,238054,156683,1.4571519000000002
user_005,2026-04-29,track_023,VibeSync Track 023,0.341,0.427,128.7,262391,130312,1.4312601333333335
user_005,2026-04-30,track_119,VibeSync Track 119,0.318,0.758,123.4,203255,145886,1.658237533333333
user_005,2026-04-30,track_009,VibeSync Track 009,0.806,0.432,85.2,159401,128525,0.41556416666666657
user_005,2026-04-30,track_045,VibeSync Track 045,0.321,0.684,100.5,248258,191448,2.1665532
user_005,2026-04-30,track_041,VibeSync Track 041,0.657,0.887,120.9,219722,170082,0.9723021
user_005,2026-04-30,track_099,VibeSync Track 099,0.457,0.472,153.3,154703,85943,0.7777841499999999
user_005,2026-04-30,track_108,VibeSync Track 108,0.364,0.713,102.5,158796,136855,1.450663
user_005,2026-05-01,track_012,VibeSync Track 012,0.805,0.526,140.2,229460,144656,0.4701319999999999
user_005,2026-05-01,track_103,VibeSync Track 103,0.033,0.846,128.7,261122,197645,3.1853785833333332
user_005,2026-05-01,track_001,VibeSync Track 001,0.499,0.574,171.8,207078,121022,1.0105337
user_005,2026-05-01,track_033,VibeSync Track 033,0.146,0.918,106.4,242631,165785,2.3596731666666666
user_005,2026-05-01,track_104,VibeSync Track 104,0.309,0.542,114.3,196197,162619,1.8728288166666667
user_005,2026-05-01,track_086,VibeSync Track 086,0.527,0.43,134.8,191561,177416,1.3986294666666665
user_005,2026-05-01,track_030,VibeSync Track 030,0.377,0.399,84.3,182893,173508,1.8015914
user_005,2026-05-01,track_092,VibeSync Track 092,0.822,0.548,95.1,180603,122333,0.36292123333333337
user_005,2026-05-01,track_067,VibeSync Track 067,0.492,0.853,132.8,206249,141936,1.2017248
user_005,2026-05-02,track_055,VibeSync Track 055,0.397,0.823,152.6,156941,87006,0.8744103
user_005,2026-05-02,track_081,VibeSync Track 081,0.596,0.533,104.6,268674,240274,1.6178449333333333
user_005,2026-05-02,track_045,VibeSync Track 045,0.321,0.684,100.5,248258,166628,1.8856735333333337
user_005,2026-05-02,track_118,VibeSync Track 118,0.598,0.903,96.1,207157,88105,0.5903035000000001
user_005,2026-05-02,track_088,VibeSync Track 088,0.572,0.182,99.7,187877,74556,0.5318328
user_005,2026-05-02,track_061,VibeSync Track 061,0.04,0.299,111.4,256307,229983,3.679728
user_005,2026-05-02,track_117,VibeSync Track 117,0.287,0.54,79.8,162522,62752,0.7457029333333335
user_005,2026-05-02,track_038,VibeSync Track 038,0.438,0.701,115.4,153208,81567,0.7640109
user_005,2026-05-03,track_075,VibeSync Track 075,0.857,0.593,122.9,216319,100035,0.23841675
user_005,2026-05-03,track_063,VibeSync Track 063,0.187,0.328,132.9,262336,145342,1.9693840999999999
user_005,2026-05-03,track_028,VibeSync Track 028,0.444,0.819,127.0,218366,181844,1.6850877333333336
user_005,2026-05-03,track_023,VibeSync Track 023,0.341,0.427,128.7,262391,94341,1.03617865
user_005,2026-05-03,track_111,VibeSync Track 111,0.373,0.474,128.9,261121,231787,2.42217415
user_005,2026-05-03,track_114,VibeSync Track 114,0.743,0.669,113.3,211397,191685,0.82105075
user_005,2026-05-03,track_022,VibeSync Track 022,0.666,0.407,84.0,245968,145605,0.8105344999999999
user_005,2026-05-03,track_008,VibeSync Track 008,0.616,0.793,117.1,235409,105898,0.6777472
user_005,2026-05-03,track_115,VibeSync Track 115,0.596,0.203,91.2,260591,192979,1.2993919333333335
user_005,2026-05-03,track_106,VibeSync Track 106,0.605,0.644,107.0,153556,65689,0.4324525833333334
user_005,2026-05-03,track_105,VibeSync Track 105,0.331,0.344,152.9,172680,101397,1.13057655
user_006,2026-04-24,track_009,VibeSync Track 009,0.806,0.432,85.2,159401,158931,0.5138768999999999
user_006,2026-04-24,track_107,VibeSync Track 107,0.193,0.482,145.2,169826,144669,1.94579805
user_006,2026-04-24,track_045,VibeSync Track 045,0.321,0.684,100.5,248258,137069,1.5511641833333334
user_006,2026-04-24,track_076,VibeSync Track 076,0.603,0.33,106.0,179964,143428,0.9490152666666667
user_006,2026-04-24,track_114,VibeSync Track 114,0.743,0.669,113.3,211397,170917,0.7320944833333334
user_006,2026-04-24,track_051,VibeSync Track 051,0.468,0.777,109.0,212263,127802,1.1331777333333335
user_006,2026-04-24,track_074,VibeSync Track 074,0.737,0.125,146.5,172597,132308,0.5799500666666667
user_006,2026-04-24,track_008,VibeSync Track 008,0.616,0.793,117.1,235409,84034,0.5378176
user_006,2026-04-24,track_084,VibeSync Track 084,0.768,0.536,95.1,193995,94259,0.36446813333333333
user_006,2026-04-24,track_087,VibeSync Track 087,0.447,0.717,120.4,222068,153517,1.4149150166666664
user_006,2026-04-25,track_039,VibeSync Track 039,0.569,0.817,126.5,284921,130448,0.9370514666666667
user_006,2026-04-25,track_018,VibeSync Track 018,0.581,0.595,94.0,180186,161013,1.12440745
user_006,2026-04-25,track_075,VibeSync Track 075,0.857,0.593,122.9,216319,214791,0.5119185500000001
user_006,2026-04-25,track_058,VibeSync Track 058,0.67,0.842,92.9,253017,179991,0.9899504999999998
user_006,2026-04-25,track_008,VibeSync Track 008,0.616,0.793,117.1,235409,210784,1.3490176
user_006,2026-04-25,track_061,VibeSync Track 061,0.04,0.299,111.4,256307,254694,4.0751040000000005
user_006,2026-04-25,track_041,VibeSync Track 041,0.657,0.887,120.9,219722,97125,0.55523125
user_006,2026-04-25,track_033,VibeSync Track 033,0.146,0.918,106.4,242631,155613,2.2148917
user_006,2026-04-25,track_068,VibeSync Track 068,0.341,0.297,67.4,203280,123019,1.3511586833333336
user_006,2026-04-25,track_095,VibeSync Track 095,0.125,0.641,113.1,208902,83985,1.22478125
user_006,2026-04-26,track_069,VibeSync Track 069,0.822,0.484,109.3,193408,122225,0.3626008333333334
user_006,2026-04-26,track_060,VibeSync Track 060,0.877,0.392,119.3,193705,126888,0.2601204
user_006,2026-04-26,track_068,VibeSync Track 068,0.341,0.297,67.4,203280,91056,1.0000984000000002
user_006,2026-04-26,track_034,VibeSync Track 034,0.7,0.683,138.9,257524,120418,0.60209
user_006,2026-04-26,track_100,VibeSync Track 100,0.298,0.181,121.6,195641,183827,2.1507758999999997
user_006,2026-04-26,track_020,VibeSync Track 020,0.652,0.69,144.5,211099,80011,0.46406379999999997
user_006,2026-04-26,track_029,VibeSync Track 029,0.857,0.835,133.2,224544,112576,0.26830613333333336
user_006,2026-04-26,track_072,VibeSync Track 072,0.212,0.612,117.9,246450,133043,1.7472980666666666
user_006,2026-04-26,track_067,VibeSync Track 067,0.492,0.853,132.8,206249,137903,1.1675787333333334
user_006,2026-04-26,track_065,VibeSync Track 065,0.49,0.591,125.6,260866,190742,1.621307
user_006,2026-04-26,track_113,VibeSync Track 113,0.678,0.511,116.1,222757,149389,0.8017209666666665
user_006,2026-04-26,track_037,VibeSync Track 037,0.792,0.513,149.6,283925,114897,0.39830959999999993
user_006,2026-04-26,track_076,VibeSync Track 076,0.603,0.33,106.0,179964,91490,0.6053588333333333
user_006,2026-04-27,track_088,VibeSync Track 088,0.572,0.182,99.7,187877,143619,1.0244822000000002
user_006,2026-04-27,track_064,VibeSync Track 064,0.352,0.262,126.2,272323,210218,2.2703544
user_006,2026-04-27,track_065,VibeSync Track 065,0.49,0.591,125.6,260866,204944,1.742024
user_006,2026-04-27,track_024,VibeSync Track 024,0.616,0.23,129.1,227710,192616,1.2327424
user_006,2026-04-27,track_021,VibeSync Track 021,0.303,0.472,108.1,165099,64020,0.743699
user_006,2026-04-27,track_043,VibeSync Track 043,0.092,0.859,137.8,162851,95804,1.4498338666666668
user_006,2026-04-27,track_077,VibeSync Track 077,0.524,0.276,129.6,270559,189578,1.5039854666666665
user_006,2026-04-27,track_063,VibeSync Track 063,0.187,0.328,132.9,262336,149530,2.0261315
user_006,2026-04-27,track_079,VibeSync Track 079,0.611,0.498,118.0,169427,152299,0.9874051833333334
user_006,2026-04-27,track_061,VibeSync Track 061,0.04,0.299,111.4,256307,170103,2.7216479999999996
user_006,2026-04-27,track_107,VibeSync Track 107,0.193,0.482,145.2,169826,144285,1.9406332499999999
user_006,2026-04-27,track_052,VibeSync Track 052,0.623,0.474,136.1,174007,157269,0.9881735500000001
user_006,2026-04-27,track_106,VibeSync Track 106,0.605,0.644,107.0,153556,104128,0.6855093333333334
user_006,2026-04-28,track_099,VibeSync Track 099,0.457,0.472,153.3,154703,113185,1.0243242499999998
user_006,2026-04-28,track_081,VibeSync Track 081,0.596,0.533,104.6,268674,242526,1.6330084
user_006,2026-04-28,track_009,VibeSync Track 009,0.806,0.432,85.2,159401,91079,0.29448876666666657
user_006,2026-04-28,track_011,VibeSync Track 011,0.509,0.192,100.2,168629,113694,0.9303959
user_006,2026-04-28,track_013,VibeSync Track 013,0.427,0.665,118.8,256749,178547,1.7051238499999999
user_006,2026-04-28,track_032,VibeSync Track 032,0.297,0.822,110.7,189835,79395,0.9302447500000001
user_006,2026-04-28,track_064,VibeSync Track 064,0.352,0.262,126.2,272323,165860,1.7912880000000002
user_006,2026-04-28,track_118,VibeSync Track 118,0.598,0.903,96.1,207157,196026,1.3133742000000002
user_006,2026-04-28,track_057,VibeSync Track 057,0.614,0.862,78.3,240755,182983,1.1771906333333335
user_006,2026-04-29,track_032,VibeSync Track 032,0.297,0.822,110.7,189835,108254,1.2683760333333334
user_006,2026-04-29,track_109,VibeSync Track 109,0.304,0.474,116.6,266208,126326,1.4653816
user_006,2026-04-29,track_064,VibeSync Track 064,0.352,0.262,126.2,272323,99706,1.0768248
user_006,2026-04-29,track_034,VibeSync Track 034,0.7,0.683,138.9,257524,245381,1.2269050000000001
user_006,2026-04-29,track_041,VibeSync Track 041,0.657,0.887,120.9,219722,140915,0.8055640833333333
user_006,2026-04-29,track_114,VibeSync Track 114,0.743,0.669,113.3,211397,116246,0.49792036666666667
user_006,2026-04-29,track_003,VibeSync Track 003,0.493,0.292,127.8,233655,172673,1.4590868499999998
user_006,2026-04-29,track_108,VibeSync Track 108,0.364,0.713,102.5,158796,56333,0.5971297999999999
user_006,2026-04-29,track_079,VibeSync Track 079,0.611,0.498,118.0,169427,89917,0.5829618833333333
user_006,2026-04-30,track_021,VibeSync Track 021,0.303,0.472,108.1,165099,125797,1.461341816666667
user_006,2026-04-30,track_119,VibeSync Track 119,0.318,0.758,123.4,203255,200851,2.2830063666666662
user_006,2026-04-30,track_096,VibeSync Track 096,0.865,0.789,120.6,264846,199490,0.44885250000000004
user_006,2026-04-30,track_060,VibeSync Track 060,0.877,0.392,119.3,193705,127918,0.26223189999999996
user_006,2026-04-30,track_064,VibeSync Track 064,0.352,0.262,126.2,272323,230094,2.4850152000000003
user_006,2026-04-30,track_008,VibeSync Track 008,0.616,0.793,117.1,235409,220616,1.4119424
user_006,2026-04-30,track_091,VibeSync Track 091,0.744,0.234,131.0,157128,128601,0.5486976
user_006,2026-05-01,track_035,VibeSync Track 035,0.136,0.286,153.5,238112,204372,2.9429568
user_006,2026-05-01,track_071,VibeSync Track 071,0.407,0.276,118.9,251090,229350,2.2667425
user_006,2026-05-01,track_038,VibeSync Track 038,0.438,0.701,115.4,153208,64985,0.6086928333333335
user_006,2026-05-01,track_029,VibeSync Track 029,0.857,0.835,133.2,224544,185488,0.4420797333333334
user_006,2026-05-01,track_030,VibeSync Track 030,0.377,0.399,84.3,182893,116330,1.2078931666666668
user_006,2026-05-01,track_115,VibeSync Track 115,0.596,0.203,91.2,260591,184893,1.2449462
user_006,2026-05-01,track_037,VibeSync Track 037,0.792,0.513,149.6,283925,220089,0.7629751999999999
user_006,2026-05-01,track_019,VibeSync Track 019,0.505,0.618,93.0,239566,234865,1.9376362500000002
user_006,2026-05-02,track_081,VibeSync Track 081,0.596,0.533,104.6,268674,144371,0.9720980666666668
user_006,2026-05-02,track_075,VibeSync Track 075,0.857,0.593,122.9,216319,178882,0.4263354333333334
user_006,2026-05-02,track_089,VibeSync Track 089,0.573,0.661,97.4,159114,133256,0.9483385333333335
user_006,2026-05-02,track_004,VibeSync Track 004,0.654,0.754,156.8,268494,154443,0.8906213
user_006,2026-05-02,track_049,VibeSync Track 049,0.412,0.326,126.2,192974,83078,0.8141644000000001
user_006,2026-05-02,track_002,VibeSync Track 002,0.611,0.7,118.0,204146,76884,0.49846460000000004
user_006,2026-05-03,track_024,VibeSync Track 024,0.616,0.23,129.1,227710,152179,0.9739456
user_006,2026-05-03,track_016,VibeSync Track 016,0.276,0.189,123.4,214283,212268,2.5613672
user_006,2026-05-03,track_118,VibeSync Track 118,0.598,0.903,96.1,207157,135114,0.9052638000000001
user_006,2026-05-03,track_114,VibeSync Track 114,0.743,0.669,113.3,211397,208362,0.8924839000000001
user_006,2026-05-03,track_101,VibeSync Track 101,0.442,0.493,127.9,238054,147004,1.3671372000000002
user_006,2026-05-03,track_099,VibeSync Track 099,0.457,0.472,153.3,154703,133956,1.2123017999999999
user_006,2026-05-03,track_002,VibeSync Track 002,0.611,0.7,118.0,204146,82706,0.5362105666666667
user_006,2026-05-03,track_000,VibeSync Track 000,0.404,0.705,106.4,153564,109191,1.0846306
user_006,2026-05-03,track_095,VibeSync Track 095,0.125,0.641,113.1,208902,182024,2.6545166666666664
user_006,2026-05-03,track_013,VibeSync Track 013,0.427,0.665,118.8,256749,244182,2.3319381
